{
  "configuration": "semantic_qdrant_hybrid_colbert",
  "scores": {
    "context_recall": 0.36557142857142855,
    "faithfulness": 0.7889225301787995,
    "answer_correctness": 0.3956301063580466
  },
  "timestamp": "2025-12-15T10:10:29.012985",
  "num_questions": 100
}