{
  "configuration": "recursive_qdrant_hybrid_crossencoder",
  "scores": {
    "context_recall": 0.3701428571428571,
    "faithfulness": 0.7458689809645692,
    "answer_correctness": 0.4113538718126628
  },
  "timestamp": "2025-12-15T21:27:08.519177",
  "num_questions": 100
}