{
  "configuration": "semantic_qdrant_hybrid",
  "scores": {
    "context_recall": 0.35273809523809524,
    "faithfulness": 0.7018835149141488,
    "answer_correctness": 0.403756880330741
  },
  "timestamp": "2025-12-15T07:33:55.379429",
  "num_questions": 100
}