{
  "configuration": "semantic_faiss_dense",
  "scores": {
    "scores": null,
    "traces": null,
    "context_recall": 0.36369047619047623,
    "faithfulness": 0.693602680919012,
    "answer_correctness": 0.3912364616956747
  },
  "timestamp": "2025-12-15T07:34:09.054160",
  "num_questions": 100
}