{
  "configuration": "recursive_qdrant_sparse",
  "scores": {
    "context_recall": 0.37240476190476185,
    "faithfulness": 0.7050900816446819,
    "answer_correctness": 0.41622670101320386
  },
  "timestamp": "2025-12-15T07:01:56.621760",
  "num_questions": 100
}